{"cameraMode":{"drawMode":0,"name":"Shaded","section":"Shading Mode"},"sceneLighting":true,"audioPlay":false,"sceneViewState":{"showFog":true,"showMaterialUpdate":false,"showSkybox":true,"showFlares":true,"showImageEffects":true,"showParticleSystems":true},"in2DMode":false,"pivot":{"x":23.148727416992189,"y":51.005897521972659,"z":61.477142333984378},"rotation":{"x":0.06794878095388413,"y":0.7187227010726929,"z":-0.07095030695199967,"w":0.6883224844932556},"size":172.6351318359375,"orthographic":false}