{"cameraMode":{"drawMode":0,"name":"Shaded","section":"Shading Mode"},"sceneLighting":true,"audioPlay":false,"sceneViewState":{"showFog":true,"showMaterialUpdate":false,"showSkybox":true,"showFlares":true,"showImageEffects":true,"showParticleSystems":true},"in2DMode":false,"pivot":{"x":2.0935795307159426,"y":-25.4364070892334,"z":-6.326850891113281},"rotation":{"x":0.19445420801639558,"y":0.04381473734974861,"z":-0.008695210330188275,"w":0.9798997640609741},"size":19.744585037231447,"orthographic":false}