{"cameraMode":{"drawMode":0,"name":"Shaded","section":"Shading Mode"},"sceneLighting":false,"audioPlay":false,"sceneViewState":{"showFog":true,"showMaterialUpdate":false,"showSkybox":true,"showFlares":true,"showImageEffects":true,"showParticleSystems":true},"in2DMode":false,"pivot":{"x":-0.0025720596313476564,"y":-23.885059356689454,"z":0.20759820938110352},"rotation":{"x":0.12189359962940216,"y":-0.7715277671813965,"z":0.15551084280014039,"w":0.6047379970550537},"size":22.649869918823243,"orthographic":true}